participant_id,condition,transcript_id,topic,workbench_panel,transcript,q1_change,q2_mechanisms,q3_evidence,q4_confidence_1to5,q5_workbench_useful_1to5_or_NA
P4,B,165.0,Should Governments Have the Right to Censor the Internet?,"WORKBENCH PANEL (real system output)
stance trajectory S per turn: 0.29 -> 0.29 -> 0.52 -> 0.52 -> 0.69 -> 0.69
turn 0 [165.0_con] rhetoric=causal | delta_S=+0.29 | triggered: evidence_adoption | Why? card: evidence_adoption (confidence 0.75) | alternative: strategic_persuasion
turn 1 [165.0_pro] rhetoric=causal | delta_S=+0.29 | triggered: evidence_adoption, echo | Why? card: evidence_adoption (confidence 0.75) | alternative: strategic_persuasion
turn 2 [165.0_con] rhetoric=empirical | delta_S=+0.23 | triggered: echo | Why? card: echo (confidence 0.75) | alternative: evidence_adoption
turn 3 [165.0_pro] rhetoric=causal | delta_S=+0.23 | triggered: echo | Why? card: echo (confidence 0.75) | alternative: evidence_adoption
turn 4 [165.0_con] rhetoric=empirical | delta_S=+0.16 | triggered: echo | Why? card: echo (confidence 0.75) | alternative: evidence_adoption
turn 5 [165.0_pro] rhetoric=causal | delta_S=+0.16 | triggered: echo | Why? card: echo (confidence 0.75) | alternative: evidence_adoption","Topic: Should Governments Have the Right to Censor the Internet?
[165.0_con] I think that governments should not have the right to censor the internet because it takes away valuable perspectives and insights from the public forum. Having this type of government would result in society becoming like places similar to North Korea where people are only allowed to express views that the government approves of and people who express views outside of what is approved by the government get punished very harshly. I don't think society would be a safe place if this type of censorship was allowed
[165.0_pro] I strongly believe people should be able to freely speak their minds and disagree with others and openly discuss things but I also think the government has a duty to protect its citizens against hate speech and threats on the internet just like they would in real life. 
[165.0_con] I can see where your concern is in regards to hate speech and I agree that people should not be allowed to threaten or cause harm to others through the use of their speech. I would also like to add that there are many laws that are already in place that protect people from these type of verbal threats which do not require limiting free speech on the internet all together in order to make things safer for people. I think enforcing government censorship online would eventually lead to people not being able to express their views in any way unless the government approves it (manually) which would end up being an issue of whether or not people who are using the internet have rights anymore to speak how they truly feel without feeling restricted
[165.0_pro] Just like committing any other crime against people, I believe the government has a right to remove dangerous and hateful content.  This doesn't mean that people are only allowed to express views that the government agrees with but that users can expect to be protected when online from hate speech, stalkers, threats against them. 
[165.0_con] I think that this problem can be solved all together without the need of any form of government censorship. With the laws that are already in place in regards to violence and stalking, I do not think that censorship online would make any difference. I think that government censorship would actually make it more difficult for people making threats to be caught because it would be blocked/removed entirely without as much of a trace being left behind for the victim to report.
[165.0_pro] If there are many laws that are already in place that protect people from these type of verbal threats then how is that not censorship? I completely agree with you in the first amendment free speech stance on the internet seen as a public square, but once there are laws regarding what you can and cannot say, this is technically censorship. ","The debate narrows from a broad disagreement about internet censorship to a shared distinction between ordinary opinion and content involving threats, stalking, or harm. Neither speaker abandons their original position, but both adopt some of the other’s framing.",evidence_adoption;echo,"The con says, “I agree that people should not be allowed to threaten or cause harm,” while the pro later says, “I completely agree with you in the first amendment free speech stance.” They still disagree on whether restrictions are censorship. The workbench’s repeated echo labels were useful for noticing this shared language.",4,4
P4,B,144.0,Should Felons Regain the Right to Vote?,"WORKBENCH PANEL (real system output)
stance trajectory S per turn: 0.29 -> 0.29 -> 0.52 -> 0.52 -> 0.69 -> 0.69
turn 0 [144.0_con] rhetoric=causal | delta_S=+0.29 | triggered: evidence_adoption | Why? card: evidence_adoption (confidence 0.75) | alternative: strategic_persuasion
turn 1 [144.0_pro] rhetoric=empirical | delta_S=+0.29 | triggered: evidence_adoption, echo | Why? card: evidence_adoption (confidence 0.75) | alternative: strategic_persuasion
turn 2 [144.0_con] rhetoric=moral | delta_S=+0.23 | triggered: echo | Why? card: echo (confidence 0.75) | alternative: evidence_adoption
turn 3 [144.0_pro] rhetoric=causal | delta_S=+0.23 | triggered: echo | Why? card: echo (confidence 0.75) | alternative: evidence_adoption
turn 4 [144.0_con] rhetoric=causal | delta_S=+0.16 | triggered: evidence_adoption, echo | Why? card: evidence_adoption (confidence 0.75) | alternative: strategic_persuasion
turn 5 [144.0_pro] rhetoric=causal | delta_S=+0.16 | triggered: evidence_adoption, echo | Why? card: evidence_adoption (confidence 0.75) | alternative: strategic_persuasion","Topic: Should Felons Regain the Right to Vote?
[144.0_con] Said person committed a crime and even if and when they are released they have lost that right to vote. They did something that sent them to prison and it was something bad enough they lost the right to help decide what should happen in the community and country they live in. 
[144.0_pro] There are certain instances where felons should morally be given a right to vote. These instances are few and far between, but they definitely are there. Some felons have a change of heart and even convert to faith during their imprisonment. These individuals are then not the same that they were before, and are able to contribute in a meaningful way to community again. There are programs that provide training and counseling in prisons that rehabilitate prisoners to begin a new life that is vastly different than the one that they led before. Finally, there are a very few felons that may have committed a felony for a good reason, (i.e. to protect a family member or to prevent a catastrophe). In those cases, the individual's ability to vote in a beneficial manner has never been violated. 
[144.0_con] I do not buy a change of heart and convert of faith to me is a massive copout. I do agree that some might have committed a crime to protect family, if that was true they would have been found not guilty. That point does not hold up to me. 
[144.0_pro] I honestly agree wholeheartedly with you for most felons. It is for the few that do change in prison (i.e. convert to faith and/or learn skills and get counseling to improve) that I argue in favor of. These few deserve a second chance in life, just as we all would hope for. There are also a very few that may have committed a crime for a good reason, for instance to protect a mother or to prevent a crime. These may not have ever become violated in their conscience to begin with and therefore are still able to contribute to society in a meaningful way.
[144.0_con] I still do not agree. I believe that once you have does something that bad and are sent to prison for whatever the reason you have lost that right to vote.  Yes, some might change. That is the price that needs to be paid so that we have a just society (if you even want to say we have one now). 
[144.0_pro] All humans mess up from time to time. Some much worse than others. Some are evil to the core, but not all. There are definitely those who have gotten tied up with the wrong crowd, grown up in extenuating circumstances, and never were given a chance in life. I would hope that there would be forgiveness and a second chance for those who have a change of heart and are trying to live a new, good life.","The pro speaker moves from a general rehabilitation argument toward a more moral appeal for forgiveness, while the con speaker stays rigidly committed to punishment as the consequence of serious crime.",anchoring;strategic_persuasion,"The con says, “That is the price that needs to be paid so that we have a just society.” The pro closes with, “I would hope that there would be forgiveness and a second chance.” This is mainly a moral clash rather than evidence adoption, despite the panel’s evidence-adoption labels.",4,"3
---"
P4,B,224.0,Is Online Learning a Suitable Replacement for Traditional In-Person Education?,"WORKBENCH PANEL (real system output)
stance trajectory S per turn: 0.10 -> 0.10 -> 0.19 -> 0.19 -> 0.27 -> 0.27
turn 0 [224.0_con] rhetoric=causal | delta_S=+0.10 | triggered: none | Why? card: no_inflection (confidence 0.25) | alternative: evidence_adoption
turn 1 [224.0_pro] rhetoric=empirical | delta_S=+0.10 | triggered: none | Why? card: no_inflection (confidence 0.73) | alternative: evidence_adoption
turn 2 [224.0_con] rhetoric=causal | delta_S=+0.09 | triggered: echo, anchoring | Why? card: echo (confidence 0.81) | alternative: evidence_adoption
turn 3 [224.0_pro] rhetoric=causal | delta_S=+0.09 | triggered: none | Why? card: no_inflection (confidence 0.52) | alternative: evidence_adoption
turn 4 [224.0_con] rhetoric=causal | delta_S=+0.08 | triggered: none | Why? card: no_inflection (confidence 0.70) | alternative: evidence_adoption
turn 5 [224.0_pro] rhetoric=empirical | delta_S=+0.08 | triggered: none | Why? card: no_inflection (confidence 0.72) | alternative: evidence_adoption","Topic: Is Online Learning a Suitable Replacement for Traditional In-Person Education?
[224.0_con] Online learning is not a suitable replacement for traditional in-person learning. It is like licking a wrapped sweet, the best you can get is a little taste of the flavor, the actual taste/feeling will  never be felt. Plus, the dedication learning requires will never be given in an online learning space.
[224.0_pro] I am pro online learning as a replacement for traditional in person education. As long as a student has the correct technology equipment such as a computer and working speakers etc there is no reason that online is not suitable. If necessary there could also be a stipend for students internet connection to be paid for so that there is a suitable internet connection. Students will not have to worry about being distracted in the classroom and teachers can develop different lesson plans that are suitable for home. This will also set up students for success in working individually and increasing their concentration. There is no difference in sitting in a classroom in a full room than there is at home. The students can function just as well in a home environment and I feel this is actually a more comfortable environment for learning.  
[224.0_con] Learning is all about impartation of knowledge. A student online can never give as much attention and dedication as the one present physically.. Also, research has shown that seeing the teacher speak and explain live enhances better understanding. Online learning will never be better than in-person learning.
[224.0_pro] It is actually a more challenging situation to work from home and teaches students on how to focus. It is a very appealing way to learn to work in independent environments where your hand doesn't need to be held all day. I feel that it is also helpful to increase concentration which is necessary in everyday life such as in a working environment. I feel this sets the students up for success. 
[224.0_con] Divided attention. Lack of human/emotional connection. Technology failure. These are a few of the big negative effects that online learnings \brings along. And no student who is not sure to put in 100% attention can learn successfully.\n\nIn-person  learning will forever be the best.
[224.0_pro] In closing I simply will say there is a time to adapt to new technology and move forward in the world. Online learning is a big part of the future and virtual teaching is becoming the norm. Our technology today is up to date and we can see very clearly the teachers and classmates through the computer screen. Internet connections are getting better and better and faster and faster and this exhibits how more in person the experience can and will be going forward. Online books are easier to access and also being on time is also a big factor to think about as well. It is much easier for students to concentrate in their own environments. Online learning is the future in my opinion and just as effective as in person. ","No clear change. The con speaker becomes more absolute and emotionally dismissive of online learning, while the pro speaker becomes more casual and optimistic about technological progress.",no_clear_change;anchoring;strategic_persuasion,"The con says, “In-person learning will forever be the best.” The pro replies with a future-oriented appeal: “there is a time to adapt to new technology and move forward in the world.” The panel’s no-inflection assessment fits the lack of an actual position change.",5,"4
---"
P4,B,176.0,Is Government Surveillance Necessary for National Security?,"WORKBENCH PANEL (real system output)
stance trajectory S per turn: 0.29 -> 0.10 -> 0.52 -> 0.37 -> 0.56 -> 0.58
turn 0 [176.0_con] rhetoric=causal | delta_S=+0.29 | triggered: evidence_adoption | Why? card: evidence_adoption (confidence 0.75) | alternative: strategic_persuasion
turn 1 [176.0_pro] rhetoric=causal | delta_S=+0.10 | triggered: echo | Why? card: echo (confidence 0.33) | alternative: evidence_adoption
turn 2 [176.0_con] rhetoric=emotional | delta_S=+0.23 | triggered: strategic_persuasion | Why? card: strategic_persuasion (confidence 0.31) | alternative: evidence_adoption
turn 3 [176.0_pro] rhetoric=causal | delta_S=+0.27 | triggered: evidence_adoption | Why? card: evidence_adoption (confidence 0.75) | alternative: strategic_persuasion
turn 4 [176.0_con] rhetoric=causal | delta_S=+0.04 | triggered: echo | Why? card: echo (confidence 0.61) | alternative: evidence_adoption
turn 5 [176.0_pro] rhetoric=empirical | delta_S=+0.21 | triggered: evidence_adoption, echo | Why? card: evidence_adoption (confidence 0.75) | alternative: strategic_persuasion","Topic: Is Government Surveillance Necessary for National Security?
[176.0_con] I believe that every US citizen has a right to privacy.  An acquaintance recently was charged with selling  prescription drugs and there was a year long investigation.  I have known this person for approximately one year.  We text and were previously friends on facebook.  Because he is being investigated does not mean anyone should have access to my texts, phone calls, or conversations on facebook.  \nIf the government picks up certain ""buzzwords"" in conversation, it should not give them the right to listen to entire private conversations.  We should not be living under Big Brother's watchful eye.  We are still Americans with rights.
[176.0_pro] National security is of utmost importance. With the rise of terrorist attacks, we need to be sure we can be kept safe. If we are doing what we are supposed to be doing as citizens of the country, then we should not have to worry about the government checking in with us. There are many attacks that could have been prevented if the government had the ability to check in with us and make sure we aren't up to nefarious activities. Just as parents protect and look after their children, the government has the right to look after us to ensure our safety and security. 
[176.0_con] National security is extremely important.  However, for citizens like myself who have a lifetime history of no terrorist involvement, history of a criminal record, we should be given our right to privacy.  It's not a matter of worrying that the government is checking in with us, it's a matter of personal privacy.  And who is paying these government employees to listen in?...we are, as taxpayers.  I'm not completely sure if there are MANY attacks that could have been prevented by listening in, where is the proof of that? As a parent, I would not listen in on my child's private conversations.  The government is certainly not my parent.
[176.0_pro] Your example is well taken. That said, what if it were a matter of life and death? If there were an alleged or planned terrorist attack wouldn't we want to know about it, and be able to take action against it to prevent it? Also your friend was put in a position of trust which he violated. As such, measures to ensure that we can have trust in our professionals must be ensured. Without this trust all else is lost. 
[176.0_con] If it were a matter of life and death, that is a completely different scenario.  However, I do not believe even then the government would have the right to listen in on every American citizens private conversations.  What the government could and should be doing instead is tracking all of the illegal immigrants who were recently let into our country under the current administration.  My friend violated my trust, is that what you are saying? That doesn't give the government the right to listen in on my private conversations.  That is between my friend and myself.  
[176.0_pro] Just like you wouldn't let your child do whatever they want, we can't be allowed to do whatever we want either. You mention having no lifetime history of terrorist involvement, but who is to say that can't be said about most terorrists? How else would we know they are terrorists? The means of surveillance can be targeted to ensure that those who are most likely to be the up to trouble are monitored the most. ","The con speaker makes a narrow concession that life-or-death cases are different, but remains emotionally and morally committed to privacy. The pro’s final move makes the proposal sound less absolute by describing surveillance as targeted.",anchoring;echo,"The con says, “If it were a matter of life and death, that is a completely different scenario,” but follows with, “I do not believe even then” broad monitoring is justified. The pro ends by saying surveillance “can be targeted.” The panel was useful for drawing attention to that later shift in framing, but evidence adoption is not clearly supported.",3,"3
---"
